id,semester,course,gpa,attendance
1,1,A,3.8099999,1
1,1,B,3.8199999,2
1,2,A,3.76,3
1,2,B,3.77,4
2,1,A,3.5599999,4
2,1,B,3.55,3
2,2,A,3.45,2
2,2,B,3.47,1
