id,semester,course,gpa,participation
1,Fall2019,A,3.8099999,1
1,Fall2019,B,3.8199999,2
1,Spring2019,A,3.76,3
1,Spring2019,B,3.77,4
2,Fall2019,A,3.5599999,4
2,Fall2019,B,3.55,3
2,Spring2019,A,3.45,2
2,Spring2019,B,3.47,1